{"temp":8.01,"feels_like":5.1,"pressure":1012.0,"humidity":85.0,"dew_point":5.6366666667,"clouds":25.0,"wind_speed":2.7433333333,"wind_deg":113.3333333333,"wind_gust":3.6293333333,"weather":"[{'id': 803, 'main': 'Clouds', 'description': 'broken clouds', 'icon': '04n'}]","rain_over_last_1h":0.4411111111,"visibility":10000.0}