{"temp":7.48,"feels_like":3.2933333333,"pressure":1010.0,"humidity":86.0,"dew_point":5.2883333333,"clouds":65.8333333333,"wind_speed":4.4583333333,"wind_deg":90.0,"wind_gust":3.7493666667,"weather":"[{'id': 801, 'main': 'Clouds', 'description': 'few clouds', 'icon': '02n'}]","rain_over_last_1h":0.4858888889,"visibility":10000.0}