{"temp":7.065,"feels_like":3.0683333333,"pressure":1009.8333333333,"humidity":87.0,"dew_point":5.055,"clouds":75.0,"wind_speed":4.12,"wind_deg":91.6666666667,"wind_gust":3.8232333333,"weather":"[{'id': 500, 'main': 'Rain', 'description': 'light rain', 'icon': '10n'}]","rain_over_last_1h":0.4666666667,"visibility":9833.3333333333}