{"temp":7.3483333333,"feels_like":4.0083333333,"pressure":1005.0,"humidity":87.0,"dew_point":5.3266666667,"clouds":95.3333333333,"wind_speed":3.2616666667,"wind_deg":101.6666666667,"wind_gust":4.2664333333,"weather":"[{'id': 500, 'main': 'Rain', 'description': 'light rain', 'icon': '10d'}]","rain_over_last_1h":0.2534722222,"visibility":6500.0}