{"temp":7.7933333333,"feels_like":4.1833333333,"pressure":1005.0,"humidity":87.0,"dew_point":5.7666666667,"clouds":96.3333333333,"wind_speed":3.7766666667,"wind_deg":106.6666666667,"wind_gust":4.2941333333,"weather":"[{'id': 500, 'main': 'Rain', 'description': 'light rain', 'icon': '10d'}]","rain_over_last_1h":0.2638888889,"visibility":8000.0}