{"temp":7.9416666667,"feels_like":4.2416666667,"pressure":1005.0,"humidity":87.0,"dew_point":5.9133333333,"clouds":96.6666666667,"wind_speed":3.9483333333,"wind_deg":108.3333333333,"wind_gust":4.3033666667,"weather":"[{'id': 500, 'main': 'Rain', 'description': 'light rain', 'icon': '10d'}]","rain_over_last_1h":0.2673611111,"visibility":8500.0}