{"temp":8.4066666667,"feels_like":4.6133333333,"pressure":1004.8333333333,"humidity":85.1666666667,"dew_point":6.0433333333,"clouds":80.8333333333,"wind_speed":4.12,"wind_deg":113.3333333333,"wind_gust":4.3218333333,"weather":"[{'id': 804, 'main': 'Clouds', 'description': 'overcast clouds', 'icon': '04d'}]","rain_over_last_1h":0.2743055556,"visibility":9166.6666666667}