{"temp":15.2066666667,"feels_like":11.59,"pressure":1003.0,"humidity":55.0,"dew_point":6.2333333333,"clouds":0.0,"wind_speed":3.9433333333,"wind_deg":163.3333333333,"wind_gust":4.4972666667,"weather":"[{'id': 800, 'main': 'Clear', 'description': 'clear sky', 'icon': '01d'}]","rain_over_last_1h":0.3402777778,"visibility":10000.0}