{"temp":16.1433333333,"feels_like":13.2,"pressure":1003.0,"humidity":55.0,"dew_point":7.1066666667,"clouds":0.0,"wind_speed":3.2566666667,"wind_deg":156.6666666667,"wind_gust":4.5157333333,"weather":"[{'id': 800, 'main': 'Clear', 'description': 'clear sky', 'icon': '01d'}]","rain_over_last_1h":0.3472222222,"visibility":10000.0}