{"temp":16.6116666667,"feels_like":14.005,"pressure":1003.0,"humidity":55.0,"dew_point":7.5433333333,"clouds":0.0,"wind_speed":2.9133333333,"wind_deg":153.3333333333,"wind_gust":4.5249666667,"weather":"[{'id': 800, 'main': 'Clear', 'description': 'clear sky', 'icon': '01d'}]","rain_over_last_1h":0.3506944444,"visibility":10000.0}