{"temp":19.7466666667,"feels_like":15.9566666667,"pressure":1007.0,"humidity":40.8333333333,"dew_point":6.0616666667,"clouds":0.0,"wind_speed":4.12,"wind_deg":196.6666666667,"wind_gust":4.6357666667,"weather":"[{'id': 800, 'main': 'Clear', 'description': 'clear sky', 'icon': '01d'}]","rain_over_last_1h":0.3923611111,"visibility":10000.0}