{"temp":17.1433333333,"feels_like":14.035,"pressure":1006.8333333333,"humidity":47.5,"dew_point":5.8983333333,"clouds":0.0,"wind_speed":3.09,"wind_deg":216.6666666667,"wind_gust":4.8573666667,"weather":"[{'id': 800, 'main': 'Clear', 'description': 'clear sky', 'icon': '01d'}]","rain_over_last_1h":0.4756944444,"visibility":10000.0}