{"temp":11.1233333333,"feels_like":5.6766666667,"pressure":1009.3333333333,"humidity":87.6666666667,"dew_point":9.16,"clouds":75.0,"wind_speed":7.5433333333,"wind_deg":296.6666666667,"wind_gust":4.9958666667,"weather":"[{'id': 500, 'main': 'Rain', 'description': 'light rain', 'icon': '10n'}]","rain_over_last_1h":0.825,"visibility":9333.3333333333}