{"temp":7.4433333333,"feels_like":1.85,"pressure":1008.6666666667,"humidity":87.0,"dew_point":5.4233333333,"clouds":75.0,"wind_speed":6.5166666667,"wind_deg":303.3333333333,"wind_gust":5.1066666667,"weather":"[{'id': 500, 'main': 'Rain', 'description': 'light rain', 'icon': '10n'}]","rain_over_last_1h":0.5,"visibility":10000.0}