{"temp":4.9566666667,"feels_like":-0.7533333333,"pressure":1013.8333333333,"humidity":87.0,"dew_point":2.975,"clouds":75.0,"wind_speed":6.0033333333,"wind_deg":298.3333333333,"wind_gust":5.2451666667,"weather":"[{'id': 803, 'main': 'Clouds', 'description': 'broken clouds', 'icon': '04n'}]","rain_over_last_1h":0.5,"visibility":10000.0}