{"temp":4.1366666667,"feels_like":-2.01,"pressure":1014.5,"humidity":87.0,"dew_point":2.1666666667,"clouds":75.0,"wind_speed":6.4316666667,"wind_deg":298.3333333333,"wind_gust":5.3190333333,"weather":"[{'id': 803, 'main': 'Clouds', 'description': 'broken clouds', 'icon': '04n'}]","rain_over_last_1h":0.5,"visibility":10000.0}