{"temp":4.095,"feels_like":-0.7133333333,"pressure":1013.6666666667,"humidity":88.0,"dew_point":2.2816666667,"clouds":75.0,"wind_speed":4.545,"wind_deg":298.3333333333,"wind_gust":5.5221666667,"weather":"[{'id': 803, 'main': 'Clouds', 'description': 'broken clouds', 'icon': '04n'}]","rain_over_last_1h":0.4791666667,"visibility":10000.0}