{"temp":5.3933333333,"feels_like":-0.135,"pressure":1016.0,"humidity":74.1666666667,"dew_point":1.1666666667,"clouds":75.0,"wind_speed":5.3116666667,"wind_deg":308.3333333333,"wind_gust":5.7068333333,"weather":"[{'id': 803, 'main': 'Clouds', 'description': 'broken clouds', 'icon': '04d'}]","rain_over_last_1h":0.5,"visibility":10000.0}