{"temp":7.835,"feels_like":2.2466666667,"pressure":1017.0,"humidity":61.0,"dew_point":0.7933333333,"clouds":75.0,"wind_speed":5.3116666667,"wind_deg":306.6666666667,"wind_gust":5.8730333333,"weather":"[{'id': 803, 'main': 'Clouds', 'description': 'broken clouds', 'icon': '04d'}]","rain_over_last_1h":0.5,"visibility":10000.0}