{"temp":8.0466666667,"feels_like":1.9633333333,"pressure":1018.6666666667,"humidity":59.6666666667,"dew_point":0.6733333333,"clouds":75.0,"wind_speed":6.0,"wind_deg":290.0,"wind_gust":5.9376666667,"weather":"[{'id': 803, 'main': 'Clouds', 'description': 'broken clouds', 'icon': '04d'}]","rain_over_last_1h":0.5,"visibility":10000.0}