{"temp":8.5366666667,"feels_like":2.8416666667,"pressure":1021.3333333333,"humidity":56.1666666667,"dew_point":0.3033333333,"clouds":79.1666666667,"wind_speed":5.36,"wind_deg":293.5,"wind_gust":5.9838333333,"weather":"[{'id': 803, 'main': 'Clouds', 'description': 'broken clouds', 'icon': '04d'}]","rain_over_last_1h":0.5,"visibility":10000.0}