{"temp":8.13,"feels_like":3.7233333333,"pressure":1019.6666666667,"humidity":57.6666666667,"dew_point":0.2883333333,"clouds":33.3333333333,"wind_speed":3.515,"wind_deg":268.3333333333,"wind_gust":5.4560416667,"weather":"[{'id': 802, 'main': 'Clouds', 'description': 'scattered clouds', 'icon': '03d'}]","rain_over_last_1h":0.5,"visibility":10000.0}