{"temp":7.47,"feels_like":3.2233333333,"pressure":1021.6666666667,"humidity":59.6666666667,"dew_point":0.1333333333,"clouds":13.3333333333,"wind_speed":3.26,"wind_deg":263.3333333333,"wind_gust":5.3654166667,"weather":"[{'id': 802, 'main': 'Clouds', 'description': 'scattered clouds', 'icon': '03d'}]","rain_over_last_1h":0.5,"visibility":10000.0}