{"temp":4.75,"feels_like":0.2766666667,"pressure":1024.0,"humidity":68.3333333333,"dew_point":-0.52,"clouds":13.3333333333,"wind_speed":3.43,"wind_deg":266.6666666667,"wind_gust":5.0029166667,"weather":"[{'id': 800, 'main': 'Clear', 'description': 'clear sky', 'icon': '01n'}]","rain_over_last_1h":0.5,"visibility":10000.0}