{"temp":4.555,"feels_like":0.0183333333,"pressure":1024.0,"humidity":69.1666666667,"dew_point":-0.535,"clouds":16.6666666667,"wind_speed":3.515,"wind_deg":273.3333333333,"wind_gust":4.9727083333,"weather":"[{'id': 800, 'main': 'Clear', 'description': 'clear sky', 'icon': '01n'}]","rain_over_last_1h":0.5,"visibility":10000.0}