{"temp":3.44,"feels_like":-0.7133333333,"pressure":1024.0,"humidity":73.3333333333,"dew_point":-0.7766666667,"clouds":6.6666666667,"wind_speed":2.9133333333,"wind_deg":266.6666666667,"wind_gust":4.8216666667,"weather":"[{'id': 801, 'main': 'Clouds', 'description': 'few clouds', 'icon': '02n'}]","rain_over_last_1h":0.5,"visibility":10000.0}