{"temp":2.31,"feels_like":-2.02,"pressure":1025.3333333333,"humidity":82.0,"dew_point":-0.3933333333,"clouds":0.0,"wind_speed":3.26,"wind_deg":266.6666666667,"wind_gust":4.3383333333,"weather":"[{'id': 800, 'main': 'Clear', 'description': 'clear sky', 'icon': '01n'}]","rain_over_last_1h":0.5,"visibility":10000.0}