{"temp":2.24,"feels_like":-2.17,"pressure":1025.6666666667,"humidity":84.0,"dew_point":-0.1566666667,"clouds":0.0,"wind_speed":3.43,"wind_deg":273.3333333333,"wind_gust":4.2779166667,"weather":"[{'id': 800, 'main': 'Clear', 'description': 'clear sky', 'icon': '01n'}]","rain_over_last_1h":0.5,"visibility":10000.0}