{"temp":5.74,"feels_like":2.5433333333,"pressure":1014.3333333333,"humidity":88.3333333333,"dew_point":3.96,"clouds":100.0,"wind_speed":2.6733333333,"wind_deg":33.3333333333,"wind_gust":3.9966666667,"weather":"[{'id': 500, 'main': 'Rain', 'description': 'light rain', 'icon': '10d'}]","rain_over_last_1h":0.2068888889,"visibility":10000.0}