{"temp":1.1083333333,"feels_like":-3.1166666667,"pressure":1025.0,"humidity":86.0,"dew_point":-0.855,"clouds":0.0,"wind_speed":3.0033333333,"wind_deg":253.3333333333,"wind_gust":3.8852083333,"weather":"[{'id': 800, 'main': 'Clear', 'description': 'clear sky', 'icon': '01n'}]","rain_over_last_1h":0.5,"visibility":10000.0}