{"temp":0.8316666667,"feels_like":-2.7316666667,"pressure":1026.0,"humidity":91.3333333333,"dew_point":-0.38,"clouds":16.6666666667,"wind_speed":2.1633333333,"wind_deg":260.6666666667,"wind_gust":3.2810416667,"weather":"[{'id': 800, 'main': 'Clear', 'description': 'clear sky', 'icon': '01d'}]","rain_over_last_1h":0.5,"visibility":10000.0}