{"temp":6.7533333333,"feels_like":0.7133333333,"pressure":1027.6666666667,"humidity":66.6666666667,"dew_point":0.9866666667,"clouds":33.3333333333,"wind_speed":6.0,"wind_deg":270.0,"wind_gust":4.53,"weather":"[{'id': 801, 'main': 'Clouds', 'description': 'few clouds', 'icon': '02d'}]","rain_over_last_1h":0.5,"visibility":10000.0}