{"temp":8.3866666667,"feels_like":2.4633333333,"pressure":1026.0,"humidity":61.0,"dew_point":1.3133333333,"clouds":75.0,"wind_speed":5.9133333333,"wind_deg":301.6666666667,"wind_gust":5.3175,"weather":"[{'id': 803, 'main': 'Clouds', 'description': 'broken clouds', 'icon': '04d'}]","rain_over_last_1h":0.5,"visibility":10000.0}