{"temp":8.35,"feels_like":1.485,"pressure":1020.8333333333,"humidity":70.0,"dew_point":3.2016666667,"clouds":20.0,"wind_speed":7.72,"wind_deg":295.0,"wind_gust":5.8873333333,"weather":"[{'id': 500, 'main': 'Rain', 'description': 'light rain', 'icon': '10d'}]","rain_over_last_1h":0.4861111111,"visibility":10000.0}