{"temp":7.54,"feels_like":2.7,"pressure":1023.3333333333,"humidity":70.0,"dew_point":2.4266666667,"clouds":20.0,"wind_speed":4.63,"wind_deg":280.0,"wind_gust":5.8493333333,"weather":"[{'id': 500, 'main': 'Rain', 'description': 'light rain', 'icon': '10d'}]","rain_over_last_1h":0.4444444444,"visibility":10000.0}