{"temp":6.855,"feels_like":3.2816666667,"pressure":1025.1666666667,"humidity":70.0,"dew_point":1.7716666667,"clouds":23.3333333333,"wind_speed":2.6566666667,"wind_deg":273.3333333333,"wind_gust":5.8113333333,"weather":"[{'id': 801, 'main': 'Clouds', 'description': 'few clouds', 'icon': '02d'}]","rain_over_last_1h":0.4027777778,"visibility":10000.0}