{"temp":3.24,"feels_like":0.09,"pressure":1025.3333333333,"humidity":80.6666666667,"dew_point":0.2433333333,"clouds":20.0,"wind_speed":1.7133333333,"wind_deg":266.6666666667,"wind_gust":5.4946666667,"weather":"[{'id': 801, 'main': 'Clouds', 'description': 'few clouds', 'icon': '02n'}]","rain_over_last_1h":0.25,"visibility":10000.0}