{"temp":3.17,"feels_like":-0.7733333333,"pressure":1026.0,"humidity":78.3333333333,"dew_point":-0.1933333333,"clouds":26.6666666667,"wind_speed":2.7466666667,"wind_deg":283.3333333333,"wind_gust":5.4186666667,"weather":"[{'id': 801, 'main': 'Clouds', 'description': 'few clouds', 'icon': '02n'}]","rain_over_last_1h":0.25,"visibility":10000.0}