{"temp":2.6316666667,"feels_like":-2.12,"pressure":1026.0,"humidity":75.0,"dew_point":-1.1883333333,"clouds":6.6666666667,"wind_speed":3.6866666667,"wind_deg":290.0,"wind_gust":5.3046666667,"weather":"[{'id': 802, 'main': 'Clouds', 'description': 'scattered clouds', 'icon': '03n'}]","rain_over_last_1h":0.25,"visibility":10000.0}