{"temp":2.4616666667,"feels_like":-2.2933333333,"pressure":1026.0,"humidity":75.8333333333,"dew_point":-1.205,"clouds":0.0,"wind_speed":3.6866666667,"wind_deg":290.0,"wind_gust":5.2793333333,"weather":"[{'id': 800, 'main': 'Clear', 'description': 'clear sky', 'icon': '01n'}]","rain_over_last_1h":0.25,"visibility":10000.0}