{"temp":2.1666666667,"feels_like":-2.7533333333,"pressure":1026.0,"humidity":78.3333333333,"dew_point":-1.07,"clouds":0.0,"wind_speed":3.9466666667,"wind_deg":290.0,"wind_gust":5.2413333333,"weather":"[{'id': 800, 'main': 'Clear', 'description': 'clear sky', 'icon': '01n'}]","rain_over_last_1h":0.25,"visibility":10000.0}