{"temp":5.735,"feels_like":2.1666666667,"pressure":1015.8333333333,"humidity":86.0,"dew_point":3.575,"clouds":100.0,"wind_speed":3.1033333333,"wind_deg":26.5,"wind_gust":4.1666666667,"weather":"[{'id': 804, 'main': 'Clouds', 'description': 'overcast clouds', 'icon': '04d'}]","rain_over_last_1h":0.2585555556,"visibility":10000.0}