{"temp":1.455,"feels_like":-2.8333333333,"pressure":1025.0,"humidity":81.0,"dew_point":-1.28,"clouds":0.0,"wind_speed":3.0033333333,"wind_deg":288.3333333333,"wind_gust":5.1273333333,"weather":"[{'id': 800, 'main': 'Clear', 'description': 'clear sky', 'icon': '01n'}]","rain_over_last_1h":0.25,"visibility":10000.0}