{"temp":1.0566666667,"feels_like":-2.9966666667,"pressure":1025.3333333333,"humidity":86.0,"dew_point":-0.9,"clouds":6.6666666667,"wind_speed":2.7433333333,"wind_deg":280.0,"wind_gust":5.0386666667,"weather":"[{'id': 800, 'main': 'Clear', 'description': 'clear sky', 'icon': '01n'}]","rain_over_last_1h":0.25,"visibility":10000.0}