{"temp":1.0333333333,"feels_like":-3.1433333333,"pressure":1025.6666666667,"humidity":86.0,"dew_point":-0.92,"clouds":13.3333333333,"wind_speed":2.9166666667,"wind_deg":280.0,"wind_gust":5.0133333333,"weather":"[{'id': 800, 'main': 'Clear', 'description': 'clear sky', 'icon': '01n'}]","rain_over_last_1h":0.25,"visibility":10000.0}