{"temp":2.06,"feels_like":-2.3733333333,"pressure":1026.0,"humidity":86.8333333333,"dew_point":0.1183333333,"clouds":36.6666666667,"wind_speed":3.515,"wind_deg":296.6666666667,"wind_gust":4.9246666667,"weather":"[{'id': 801, 'main': 'Clouds', 'description': 'few clouds', 'icon': '02d'}]","rain_over_last_1h":0.25,"visibility":10000.0}