{"temp":4.2066666667,"feels_like":-0.735,"pressure":1026.0,"humidity":80.0,"dew_point":1.06,"clouds":40.0,"wind_speed":4.4583333333,"wind_deg":303.3333333333,"wind_gust":4.8233333333,"weather":"[{'id': 802, 'main': 'Clouds', 'description': 'scattered clouds', 'icon': '03d'}]","rain_over_last_1h":0.25,"visibility":10000.0}