{"temp":7.1066666667,"feels_like":2.7983333333,"pressure":1025.1666666667,"humidity":66.6666666667,"dew_point":1.31,"clouds":69.1666666667,"wind_speed":3.6,"wind_deg":303.3333333333,"wind_gust":4.6966666667,"weather":"[{'id': 802, 'main': 'Clouds', 'description': 'scattered clouds', 'icon': '03d'}]","rain_over_last_1h":0.25,"visibility":10000.0}