{"temp":8.24,"feels_like":3.6133333333,"pressure":1025.0,"humidity":59.6666666667,"dew_point":0.84,"clouds":75.0,"wind_speed":3.9466666667,"wind_deg":320.0,"wind_gust":4.6333333333,"weather":"[{'id': 803, 'main': 'Clouds', 'description': 'broken clouds', 'icon': '04d'}]","rain_over_last_1h":0.25,"visibility":10000.0}