{"temp":8.6933333333,"feels_like":3.9716666667,"pressure":1024.0,"humidity":56.8333333333,"dew_point":0.62,"clouds":75.0,"wind_speed":4.0333333333,"wind_deg":326.6666666667,"wind_gust":4.5953333333,"weather":"[{'id': 803, 'main': 'Clouds', 'description': 'broken clouds', 'icon': '04d'}]","rain_over_last_1h":0.25,"visibility":10000.0}