{"temp":9.2433333333,"feels_like":3.9733333333,"pressure":1021.0,"humidity":47.3333333333,"dew_point":-1.2266666667,"clouds":83.3333333333,"wind_speed":4.4133333333,"wind_deg":313.3333333333,"wind_gust":4.4306666667,"weather":"[{'id': 803, 'main': 'Clouds', 'description': 'broken clouds', 'icon': '04d'}]","rain_over_last_1h":0.25,"visibility":10000.0}