{"temp":8.8666666667,"feels_like":4.6933333333,"pressure":1020.1666666667,"humidity":55.8333333333,"dew_point":0.5383333333,"clouds":79.1666666667,"wind_speed":3.2383333333,"wind_deg":295.0,"wind_gust":4.38,"weather":"[{'id': 804, 'main': 'Clouds', 'description': 'overcast clouds', 'icon': '04d'}]","rain_over_last_1h":0.25,"visibility":10000.0}