{"temp":9.0216666667,"feels_like":4.1266666667,"pressure":1020.1666666667,"humidity":46.0,"dew_point":-1.7416666667,"clouds":45.8333333333,"wind_speed":3.7716666667,"wind_deg":338.3333333333,"wind_gust":4.38,"weather":"[{'id': 803, 'main': 'Clouds', 'description': 'broken clouds', 'icon': '04d'}]","rain_over_last_1h":0.25,"visibility":10000.0}