{"temp":5.8516666667,"feels_like":1.0216666667,"pressure":1024.3333333333,"humidity":53.3333333333,"dew_point":-2.58,"clouds":20.0,"wind_speed":3.515,"wind_deg":351.6666666667,"wind_gust":4.38,"weather":"[{'id': 801, 'main': 'Clouds', 'description': 'few clouds', 'icon': '02n'}]","rain_over_last_1h":0.25,"visibility":10000.0}