{"temp":4.98,"feels_like":0.71,"pressure":1022.3333333333,"humidity":61.6666666667,"dew_point":-1.5633333333,"clouds":13.3333333333,"wind_speed":2.9166666667,"wind_deg":243.3333333333,"wind_gust":4.38,"weather":"[{'id': 801, 'main': 'Clouds', 'description': 'few clouds', 'icon': '02n'}]","rain_over_last_1h":0.25,"visibility":10000.0}