{"temp":3.6616666667,"feels_like":-1.5383333333,"pressure":1025.8333333333,"humidity":57.5,"dew_point":-3.505,"clouds":0.0,"wind_speed":3.8616666667,"wind_deg":26.6666666667,"wind_gust":4.38,"weather":"[{'id': 800, 'main': 'Clear', 'description': 'clear sky', 'icon': '01n'}]","rain_over_last_1h":0.25,"visibility":10000.0}