{"temp":3.47,"feels_like":-1.3333333333,"pressure":1025.3333333333,"humidity":62.0,"dew_point":-2.78,"clouds":0.0,"wind_speed":3.4333333333,"wind_deg":16.6666666667,"wind_gust":4.38,"weather":"[{'id': 800, 'main': 'Clear', 'description': 'clear sky', 'icon': '01n'}]","rain_over_last_1h":0.25,"visibility":10000.0}