{"temp":7.0266666667,"feels_like":4.0566666667,"pressure":1016.6666666667,"humidity":78.0,"dew_point":3.36,"clouds":91.0,"wind_speed":2.1866666667,"wind_deg":43.3333333333,"wind_gust":3.2784666667,"weather":"[{'id': 804, 'main': 'Clouds', 'description': 'overcast clouds', 'icon': '04d'}]","rain_over_last_1h":0.3102222222,"visibility":10000.0}