{"temp":8.6333333333,"feels_like":5.245,"pressure":1015.1666666667,"humidity":75.1666666667,"dew_point":4.4883333333,"clouds":75.0,"wind_speed":3.09,"wind_deg":108.3333333333,"wind_gust":3.5277666667,"weather":"[{'id': 803, 'main': 'Clouds', 'description': 'broken clouds', 'icon': '04d'}]","rain_over_last_1h":0.4032222222,"visibility":10000.0}