{"temp":8.5216666667,"feels_like":5.175,"pressure":1014.1666666667,"humidity":76.8333333333,"dew_point":4.695,"clouds":75.0,"wind_speed":3.09,"wind_deg":111.6666666667,"wind_gust":3.5462333333,"weather":"[{'id': 803, 'main': 'Clouds', 'description': 'broken clouds', 'icon': '04d'}]","rain_over_last_1h":0.4101111111,"visibility":10000.0}