{"temp":8.17,"feels_like":5.1,"pressure":1011.0,"humidity":83.0,"dew_point":5.4533333333,"clouds":50.0,"wind_speed":2.9166666667,"wind_deg":116.6666666667,"wind_gust":3.6108666667,"weather":"[{'id': 803, 'main': 'Clouds', 'description': 'broken clouds', 'icon': '04n'}]","rain_over_last_1h":0.4342222222,"visibility":10000.0}