{"temp":6.7483333333,"feels_like":2.9933333333,"pressure":1009.0,"humidity":87.0,"dew_point":4.7383333333,"clouds":75.0,"wind_speed":3.6866666667,"wind_deg":100.0,"wind_gust":3.9155666667,"weather":"[{'id': 500, 'main': 'Rain', 'description': 'light rain', 'icon': '10n'}]","rain_over_last_1h":0.675,"visibility":8166.6666666667}