{"temp":6.71,"feels_like":3.0166666667,"pressure":1008.8333333333,"humidity":89.1666666667,"dew_point":5.035,"clouds":77.5,"wind_speed":3.6866666667,"wind_deg":100.0,"wind_gust":3.9340333333,"weather":"[{'id': 500, 'main': 'Rain', 'description': 'light rain', 'icon': '10n'}]","rain_over_last_1h":0.8033333333,"visibility":7500.0}