{"temp":6.67,"feels_like":3.2533333333,"pressure":1007.6666666667,"humidity":100.0,"dew_point":6.67,"clouds":93.3333333333,"wind_speed":3.7766666667,"wind_deg":100.0,"wind_gust":3.9986666667,"weather":"[{'id': 501, 'main': 'Rain', 'description': 'moderate rain', 'icon': '10n'}]","rain_over_last_1h":0.9066666667,"visibility":4833.3333333333}