{"temp":6.7766666667,"feels_like":2.9666666667,"pressure":1005.3333333333,"humidity":87.0,"dew_point":4.7666666667,"clouds":100.0,"wind_speed":3.7733333333,"wind_deg":110.0,"wind_gust":4.1833333333,"weather":"[{'id': 500, 'main': 'Rain', 'description': 'light rain', 'icon': '10n'}]","rain_over_last_1h":0.3366666667,"visibility":5600.0}