{"temp":9.3566666667,"feels_like":5.5533333333,"pressure":1004.3333333333,"humidity":79.6666666667,"dew_point":5.9933333333,"clouds":32.3333333333,"wind_speed":4.12,"wind_deg":123.3333333333,"wind_gust":4.3495333333,"weather":"[{'id': 804, 'main': 'Clouds', 'description': 'overcast clouds', 'icon': '04d'}]","rain_over_last_1h":0.2847222222,"visibility":9666.6666666667}