{"temp":11.3983333333,"feels_like":6.7716666667,"pressure":1004.0,"humidity":64.3333333333,"dew_point":4.8683333333,"clouds":0.0,"wind_speed":4.97,"wind_deg":146.6666666667,"wind_gust":4.4141666667,"weather":"[{'id': 800, 'main': 'Clear', 'description': 'clear sky', 'icon': '01d'}]","rain_over_last_1h":0.3090277778,"visibility":10000.0}