{"temp":12.1116666667,"feels_like":7.405,"pressure":1003.8333333333,"humidity":60.8333333333,"dew_point":4.7683333333,"clouds":0.0,"wind_speed":5.055,"wind_deg":153.3333333333,"wind_gust":4.4326333333,"weather":"[{'id': 800, 'main': 'Clear', 'description': 'clear sky', 'icon': '01d'}]","rain_over_last_1h":0.3159722222,"visibility":10000.0}