{"temp":12.5433333333,"feels_like":7.92,"pressure":1003.6666666667,"humidity":59.6666666667,"dew_point":4.8866666667,"clouds":0.0,"wind_speed":4.97,"wind_deg":156.6666666667,"wind_gust":4.4418666667,"weather":"[{'id': 800, 'main': 'Clear', 'description': 'clear sky', 'icon': '01d'}]","rain_over_last_1h":0.3194444444,"visibility":10000.0}