{"temp":17.43,"feels_like":14.94,"pressure":1003.6666666667,"humidity":53.3333333333,"dew_point":7.8116666667,"clouds":0.0,"wind_speed":2.8283333333,"wind_deg":155.0,"wind_gust":4.5434333333,"weather":"[{'id': 800, 'main': 'Clear', 'description': 'clear sky', 'icon': '01d'}]","rain_over_last_1h":0.3576388889,"visibility":10000.0}