{"temp":19.2933333333,"feels_like":15.6633333333,"pressure":1007.0,"humidity":44.1666666667,"dew_point":6.7883333333,"clouds":0.0,"wind_speed":4.12,"wind_deg":183.3333333333,"wind_gust":4.5988333333,"weather":"[{'id': 800, 'main': 'Clear', 'description': 'clear sky', 'icon': '01d'}]","rain_over_last_1h":0.3784722222,"visibility":10000.0}