{"temp":19.4066666667,"feels_like":15.7366666667,"pressure":1007.0,"humidity":43.3333333333,"dew_point":6.6066666667,"clouds":0.0,"wind_speed":4.12,"wind_deg":186.6666666667,"wind_gust":4.6080666667,"weather":"[{'id': 800, 'main': 'Clear', 'description': 'clear sky', 'icon': '01d'}]","rain_over_last_1h":0.3819444444,"visibility":10000.0}