{"temp":20.34,"feels_like":15.6433333333,"pressure":1003.3333333333,"humidity":40.0,"dew_point":6.31,"clouds":0.0,"wind_speed":5.4866666667,"wind_deg":213.3333333333,"wind_gust":4.7188666667,"weather":"[{'id': 800, 'main': 'Clear', 'description': 'clear sky', 'icon': '01d'}]","rain_over_last_1h":0.4236111111,"visibility":10000.0}