{"temp":20.17,"feels_like":15.9166666667,"pressure":999.6666666667,"humidity":40.0,"dew_point":6.16,"clouds":0.0,"wind_speed":4.8033333333,"wind_deg":206.6666666667,"wind_gust":4.7373333333,"weather":"[{'id': 800, 'main': 'Clear', 'description': 'clear sky', 'icon': '01d'}]","rain_over_last_1h":0.4305555556,"visibility":10000.0}