{"temp":18.4766666667,"feels_like":15.495,"pressure":1006.1666666667,"humidity":45.5,"dew_point":6.4916666667,"clouds":0.0,"wind_speed":3.09,"wind_deg":203.3333333333,"wind_gust":4.8204333333,"weather":"[{'id': 800, 'main': 'Clear', 'description': 'clear sky', 'icon': '01d'}]","rain_over_last_1h":0.4618055556,"visibility":10000.0}