{"temp":9.7633333333,"feels_like":3.6016666667,"pressure":1009.8333333333,"humidity":87.1666666667,"dew_point":7.735,"clouds":75.0,"wind_speed":8.0583333333,"wind_deg":291.6666666667,"wind_gust":5.0235666667,"weather":"[{'id': 500, 'main': 'Rain', 'description': 'light rain', 'icon': '10n'}]","rain_over_last_1h":0.7275,"visibility":9833.3333333333}