{"temp":8.3516666667,"feels_like":2.6433333333,"pressure":1007.5,"humidity":87.0,"dew_point":6.3183333333,"clouds":75.0,"wind_speed":6.9466666667,"wind_deg":306.6666666667,"wind_gust":5.0789666667,"weather":"[{'id': 803, 'main': 'Clouds', 'description': 'broken clouds', 'icon': '04n'}]","rain_over_last_1h":0.5325,"visibility":10000.0}