{"temp":3.9366666667,"feels_like":-1.51,"pressure":1012.0,"humidity":92.0,"dew_point":2.75,"clouds":75.0,"wind_speed":5.5733333333,"wind_deg":290.0,"wind_gust":5.4113666667,"weather":"[{'id': 500, 'main': 'Rain', 'description': 'light rain', 'icon': '10n'}]","rain_over_last_1h":0.2916666667,"visibility":10000.0}