{"temp":4.02,"feels_like":-0.5433333333,"pressure":1012.6666666667,"humidity":91.0,"dew_point":2.6766666667,"clouds":75.0,"wind_speed":4.29,"wind_deg":293.3333333333,"wind_gust":5.4944666667,"weather":"[{'id': 803, 'main': 'Clouds', 'description': 'broken clouds', 'icon': '04n'}]","rain_over_last_1h":0.4166666667,"visibility":10000.0}