{"temp":7.2883333333,"feels_like":1.8516666667,"pressure":1020.3333333333,"humidity":64.3333333333,"dew_point":1.0066666667,"clouds":75.0,"wind_speed":5.14,"wind_deg":318.3333333333,"wind_gust":5.8176333333,"weather":"[{'id': 803, 'main': 'Clouds', 'description': 'broken clouds', 'icon': '04d'}]","rain_over_last_1h":0.5,"visibility":10000.0}