{"temp":7.855,"feels_like":1.7933333333,"pressure":1017.0,"humidity":61.0,"dew_point":0.8066666667,"clouds":75.0,"wind_speed":5.9983333333,"wind_deg":293.3333333333,"wind_gust":5.9099666667,"weather":"[{'id': 803, 'main': 'Clouds', 'description': 'broken clouds', 'icon': '04d'}]","rain_over_last_1h":0.5,"visibility":10000.0}