{"temp":9.1366666667,"feels_like":3.0433333333,"pressure":1018.6666666667,"humidity":49.0,"dew_point":-0.8916666667,"clouds":75.0,"wind_speed":5.66,"wind_deg":288.3333333333,"wind_gust":5.8185416667,"weather":"[{'id': 803, 'main': 'Clouds', 'description': 'broken clouds', 'icon': '04d'}]","rain_over_last_1h":0.5,"visibility":10000.0}