{"temp":8.5333333333,"feels_like":2.6566666667,"pressure":1021.5,"humidity":50.3333333333,"dew_point":-1.0683333333,"clouds":69.1666666667,"wind_speed":5.3166666667,"wind_deg":278.3333333333,"wind_gust":5.6372916667,"weather":"[{'id': 803, 'main': 'Clouds', 'description': 'broken clouds', 'icon': '04d'}]","rain_over_last_1h":0.5,"visibility":10000.0}