{"temp":7.25,"feels_like":3.0566666667,"pressure":1022.3333333333,"humidity":60.3333333333,"dew_point":0.0816666667,"clouds":6.6666666667,"wind_speed":3.175,"wind_deg":261.6666666667,"wind_gust":5.3352083333,"weather":"[{'id': 802, 'main': 'Clouds', 'description': 'scattered clouds', 'icon': '03d'}]","rain_over_last_1h":0.5,"visibility":10000.0}