{"temp":6.78,"feels_like":2.6266666667,"pressure":1023.1666666667,"humidity":61.6666666667,"dew_point":-0.0516666667,"clouds":0.0,"wind_speed":3.09,"wind_deg":256.6666666667,"wind_gust":5.2747916667,"weather":"[{'id': 800, 'main': 'Clear', 'description': 'clear sky', 'icon': '01n'}]","rain_over_last_1h":0.5,"visibility":10000.0}