{"temp":6.53,"feels_like":2.3633333333,"pressure":1023.3333333333,"humidity":62.3333333333,"dew_point":-0.1333333333,"clouds":0.0,"wind_speed":3.09,"wind_deg":253.3333333333,"wind_gust":5.2445833333,"weather":"[{'id': 800, 'main': 'Clear', 'description': 'clear sky', 'icon': '01n'}]","rain_over_last_1h":0.5,"visibility":10000.0}