{"temp":2.8383333333,"feels_like":-1.1083333333,"pressure":1024.0,"humidity":75.0,"dew_point":-1.015,"clouds":0.0,"wind_speed":2.57,"wind_deg":243.3333333333,"wind_gust":4.6102083333,"weather":"[{'id': 800, 'main': 'Clear', 'description': 'clear sky', 'icon': '01n'}]","rain_over_last_1h":0.5,"visibility":10000.0}