{"temp":2.6666666667,"feels_like":-1.3833333333,"pressure":1024.3333333333,"humidity":76.6666666667,"dew_point":-0.9033333333,"clouds":0.0,"wind_speed":2.7433333333,"wind_deg":246.6666666667,"wind_gust":4.5195833333,"weather":"[{'id': 800, 'main': 'Clear', 'description': 'clear sky', 'icon': '01n'}]","rain_over_last_1h":0.5,"visibility":10000.0}