{"temp":1.1366666667,"feels_like":-3.0233333333,"pressure":1025.0,"humidity":86.0,"dew_point":-0.83,"clouds":0.0,"wind_speed":2.9166666667,"wind_deg":256.6666666667,"wind_gust":3.9154166667,"weather":"[{'id': 800, 'main': 'Clear', 'description': 'clear sky', 'icon': '01n'}]","rain_over_last_1h":0.5,"visibility":10000.0}