{"temp":1.0533333333,"feels_like":-3.215,"pressure":1025.0,"humidity":87.1666666667,"dew_point":-0.745,"clouds":0.0,"wind_speed":3.09,"wind_deg":253.3333333333,"wind_gust":3.8247916667,"weather":"[{'id': 800, 'main': 'Clear', 'description': 'clear sky', 'icon': '01n'}]","rain_over_last_1h":0.5,"visibility":10000.0}