{"temp":0.3683333333,"feels_like":-3.4483333333,"pressure":1025.1666666667,"humidity":93.0,"dew_point":-0.555,"clouds":0.0,"wind_speed":2.485,"wind_deg":268.3333333333,"wind_gust":3.4622916667,"weather":"[{'id': 800, 'main': 'Clear', 'description': 'clear sky', 'icon': '01n'}]","rain_over_last_1h":0.5,"visibility":10000.0}