{"temp":1.1533333333,"feels_like":-2.4733333333,"pressure":1026.0,"humidity":89.6666666667,"dew_point":-0.33,"clouds":33.3333333333,"wind_speed":2.2666666667,"wind_deg":261.3333333333,"wind_gust":3.2508333333,"weather":"[{'id': 800, 'main': 'Clear', 'description': 'clear sky', 'icon': '01d'}]","rain_over_last_1h":0.5,"visibility":10000.0}