{"temp":2.1183333333,"feels_like":-1.6983333333,"pressure":1026.0,"humidity":84.6666666667,"dew_point":-0.18,"clouds":83.3333333333,"wind_speed":2.5766666667,"wind_deg":263.3333333333,"wind_gust":3.1602083333,"weather":"[{'id': 800, 'main': 'Clear', 'description': 'clear sky', 'icon': '01d'}]","rain_over_last_1h":0.5,"visibility":10000.0}