{"temp":4.8,"feels_like":-0.2533333333,"pressure":1026.3333333333,"humidity":77.3333333333,"dew_point":1.14,"clouds":20.0,"wind_speed":4.6333333333,"wind_deg":270.0,"wind_gust":3.83,"weather":"[{'id': 801, 'main': 'Clouds', 'description': 'few clouds', 'icon': '02d'}]","rain_over_last_1h":0.5,"visibility":10000.0}