{"temp":9.89,"feels_like":3.8633333333,"pressure":1021.3333333333,"humidity":48.0,"dew_point":-0.5333333333,"clouds":51.6666666667,"wind_speed":5.6566666667,"wind_deg":283.3333333333,"wind_gust":6.1533333333,"weather":"[{'id': 803, 'main': 'Clouds', 'description': 'broken clouds', 'icon': '04d'}]","rain_over_last_1h":0.5,"visibility":10000.0}