{"temp":7.27,"feels_like":3.105,"pressure":1024.1666666667,"humidity":70.0,"dew_point":2.1683333333,"clouds":20.0,"wind_speed":3.6,"wind_deg":275.0,"wind_gust":5.8366666667,"weather":"[{'id': 500, 'main': 'Rain', 'description': 'light rain', 'icon': '10d'}]","rain_over_last_1h":0.4305555556,"visibility":10000.0}