{"temp":6.0816666667,"feels_like":2.06,"pressure":1026.0,"humidity":69.1666666667,"dew_point":0.8666666667,"clouds":45.8333333333,"wind_speed":3.09,"wind_deg":291.6666666667,"wind_gust":5.7353333333,"weather":"[{'id': 802, 'main': 'Clouds', 'description': 'scattered clouds', 'icon': '03n'}]","rain_over_last_1h":0.3194444444,"visibility":10000.0}