{"temp":5.835,"feels_like":2.2733333333,"pressure":1015.1666666667,"humidity":86.0,"dew_point":3.675,"clouds":100.0,"wind_speed":3.1166666667,"wind_deg":24.5,"wind_gust":4.1533333333,"weather":"[{'id': 804, 'main': 'Clouds', 'description': 'overcast clouds', 'icon': '04d'}]","rain_over_last_1h":0.2447777778,"visibility":10000.0}