{"temp":5.8883333333,"feels_like":1.74,"pressure":1026.0,"humidity":65.8333333333,"dew_point":0.0133333333,"clouds":69.1666666667,"wind_speed":3.09,"wind_deg":298.3333333333,"wind_gust":5.6846666667,"weather":"[{'id': 802, 'main': 'Clouds', 'description': 'scattered clouds', 'icon': '03n'}]","rain_over_last_1h":0.2638888889,"visibility":10000.0}