{"temp":5.3666666667,"feels_like":1.6333333333,"pressure":1026.0,"humidity":70.3333333333,"dew_point":0.35,"clouds":56.6666666667,"wind_speed":2.5733333333,"wind_deg":313.3333333333,"wind_gust":5.6466666667,"weather":"[{'id': 500, 'main': 'Rain', 'description': 'light rain', 'icon': '10n'}]","rain_over_last_1h":0.25,"visibility":10000.0}