{"temp":3.4283333333,"feels_like":0.4383333333,"pressure":1025.1666666667,"humidity":81.0,"dew_point":0.4833333333,"clouds":20.0,"wind_speed":1.54,"wind_deg":273.3333333333,"wind_gust":5.5326666667,"weather":"[{'id': 801, 'main': 'Clouds', 'description': 'few clouds', 'icon': '02n'}]","rain_over_last_1h":0.25,"visibility":10000.0}