{"temp":3.215,"feels_like":-0.4616666667,"pressure":1026.0,"humidity":79.1666666667,"dew_point":-0.0216666667,"clouds":23.3333333333,"wind_speed":2.4033333333,"wind_deg":281.6666666667,"wind_gust":5.4313333333,"weather":"[{'id': 801, 'main': 'Clouds', 'description': 'few clouds', 'icon': '02n'}]","rain_over_last_1h":0.25,"visibility":10000.0}