{"temp":1.6766666667,"feels_like":-2.9066666667,"pressure":1025.3333333333,"humidity":80.0,"dew_point":-1.2333333333,"clouds":0.0,"wind_speed":3.4333333333,"wind_deg":290.0,"wind_gust":5.1653333333,"weather":"[{'id': 800, 'main': 'Clear', 'description': 'clear sky', 'icon': '01n'}]","rain_over_last_1h":0.25,"visibility":10000.0}