{"temp":1.23,"feels_like":-2.8433333333,"pressure":1025.0,"humidity":84.0,"dew_point":-1.04,"clouds":0.0,"wind_speed":2.7433333333,"wind_deg":283.3333333333,"wind_gust":5.0893333333,"weather":"[{'id': 800, 'main': 'Clear', 'description': 'clear sky', 'icon': '01n'}]","rain_over_last_1h":0.25,"visibility":10000.0}