{"temp":1.0683333333,"feels_like":-2.9233333333,"pressure":1025.1666666667,"humidity":86.0,"dew_point":-0.89,"clouds":3.3333333333,"wind_speed":2.6566666667,"wind_deg":280.0,"wind_gust":5.0513333333,"weather":"[{'id': 800, 'main': 'Clear', 'description': 'clear sky', 'icon': '01n'}]","rain_over_last_1h":0.25,"visibility":10000.0}