{"temp":1.22,"feels_like":-3.1066666667,"pressure":1026.0,"humidity":86.1666666667,"dew_point":-0.7283333333,"clouds":23.3333333333,"wind_speed":3.175,"wind_deg":283.3333333333,"wind_gust":4.9753333333,"weather":"[{'id': 801, 'main': 'Clouds', 'description': 'few clouds', 'icon': '02d'}]","rain_over_last_1h":0.25,"visibility":10000.0}