{"temp":5.71,"feels_like":2.24,"pressure":1016.0,"humidity":85.3333333333,"dew_point":3.4433333333,"clouds":100.0,"wind_speed":2.9266666667,"wind_deg":30.3333333333,"wind_gust":3.8366666667,"weather":"[{'id': 804, 'main': 'Clouds', 'description': 'overcast clouds', 'icon': '04d'}]","rain_over_last_1h":0.2757777778,"visibility":10000.0}