{"temp":8.9866666667,"feels_like":4.2133333333,"pressure":1019.6666666667,"humidity":52.6666666667,"dew_point":-0.1466666667,"clouds":75.0,"wind_speed":3.9433333333,"wind_deg":310.0,"wind_gust":4.5066666667,"weather":"[{'id': 803, 'main': 'Clouds', 'description': 'broken clouds', 'icon': '04d'}]","rain_over_last_1h":0.25,"visibility":10000.0}