{"temp":8.83,"feels_like":4.5516666667,"pressure":1020.1666666667,"humidity":55.1666666667,"dew_point":0.3416666667,"clouds":75.0,"wind_speed":3.3466666667,"wind_deg":296.6666666667,"wind_gust":4.38,"weather":"[{'id': 803, 'main': 'Clouds', 'description': 'broken clouds', 'icon': '04d'}]","rain_over_last_1h":0.25,"visibility":10000.0}