{"temp":8.0766666667,"feels_like":1.0833333333,"pressure":1021.0,"humidity":45.8333333333,"dew_point":-2.555,"clouds":40.0,"wind_speed":6.6033333333,"wind_deg":68.3333333333,"wind_gust":4.38,"weather":"[{'id': 802, 'main': 'Clouds', 'description': 'scattered clouds', 'icon': '03d'}]","rain_over_last_1h":0.25,"visibility":10000.0}