{"temp":7.5866666667,"feels_like":0.7033333333,"pressure":1021.0,"humidity":45.3333333333,"dew_point":-3.08,"clouds":40.0,"wind_speed":6.3433333333,"wind_deg":243.3333333333,"wind_gust":4.38,"weather":"[{'id': 802, 'main': 'Clouds', 'description': 'scattered clouds', 'icon': '03d'}]","rain_over_last_1h":0.25,"visibility":10000.0}