{"temp":7.0383333333,"feels_like":0.5433333333,"pressure":1021.6666666667,"humidity":46.1666666667,"dew_point":-3.325,"clouds":36.6666666667,"wind_speed":5.7416666667,"wind_deg":358.3333333333,"wind_gust":4.38,"weather":"[{'id': 802, 'main': 'Clouds', 'description': 'scattered clouds', 'icon': '03d'}]","rain_over_last_1h":0.25,"visibility":10000.0}