{"temp":6.3733333333,"feels_like":0.8233333333,"pressure":1023.6666666667,"humidity":49.6666666667,"dew_point":-3.01,"clouds":26.6666666667,"wind_speed":4.4566666667,"wind_deg":353.3333333333,"wind_gust":4.38,"weather":"[{'id': 802, 'main': 'Clouds', 'description': 'scattered clouds', 'icon': '03d'}]","rain_over_last_1h":0.25,"visibility":10000.0}