{"temp":5.95,"feels_like":2.7033333333,"pressure":1016.6666666667,"humidity":84.3333333333,"dew_point":3.51,"clouds":99.3333333333,"wind_speed":2.62,"wind_deg":34.0,"wind_gust":3.3966666667,"weather":"[{'id': 804, 'main': 'Clouds', 'description': 'overcast clouds', 'icon': '04d'}]","rain_over_last_1h":0.2964444444,"visibility":10000.0}