{"temp":4.26,"feels_like":0.155,"pressure":1024.3333333333,"humidity":64.1666666667,"dew_point":-1.6883333333,"clouds":3.3333333333,"wind_speed":2.6566666667,"wind_deg":68.3333333333,"wind_gust":4.38,"weather":"[{'id': 801, 'main': 'Clouds', 'description': 'few clouds', 'icon': '02n'}]","rain_over_last_1h":0.25,"visibility":10000.0}