{"temp":8.99,"feels_like":5.5383333333,"pressure":1016.0,"humidity":70.1666666667,"dew_point":3.8483333333,"clouds":75.0,"wind_speed":3.0033333333,"wind_deg":91.6666666667,"wind_gust":3.4723666667,"weather":"[{'id': 803, 'main': 'Clouds', 'description': 'broken clouds', 'icon': '04d'}]","rain_over_last_1h":0.3825555556,"visibility":10000.0}